,источник деривации,лемма польск.,часть речи, фонетическая вариативность для русского языка 11-17 вв.,морфологическая вариантивность для русского языка 11-17 вв.,этимология,гапакс,язык-посредник,семантика,толкование Фасмера,фиксация в исторических словарях русского языка,фиксация в словарях восточнославянских языков,переводные источники,оригинальные источники,дата создания списка,дата появления источника,цитата первой и ранней фиксации,тематическая группа,дополнительная филологическая информация,дополнительная историко-культурная информация,связывающие отсылки
абецадло,,abecadło,с.,обецадло,," Из польск. abecadło, abiecadło, obiecadło ‛азбука’,
‛умение читать и писать’, происходящего из ст.-польск.
obiecado 1440 < (ср.-в.-нем. abecede) и вновь сблизившегося с
назв. первых трех букв латиницы (с добавлением адаптирующего
суфф. -dło) (Аникин, 1, 69).",,да,Нотная азбука; букварь.,,"СлРЯ, 1, 18","КГСБМ, 9",,1681,1681,,"Обецадла же [Абецадла — сирѣчь буквари] вышереченныя сице разумѣй: въ них же писано гаммаутъ ... гами и протчая, — то есть правила мусикийскаго состояния. Мусик. грам. Дил., 53. 1681 г.",Лексика сферы культуры,,,
або,,abo,союз,,,"Через укр. и блр. из польск. abo (Аникин 1, 70).",,нет,"Или, либо.",,"СлРЯ, 1, 18","Ст.укр. 1, 63; КГСБМ, 9",,XVI в. ,XVII в.,XVI в.,"Принужденъ быхъ, рече, ото оныхъ прибѣгшихъ воеводъ моих або самъ итти сопротивъ лафлянтовъ, або тебя, любимаго моего, послати. Курб. Ист., 247–248, XVII в. ∞ XVI в. Або — или. Алф., 14 об. XVII в. || Сл.Шрове. Сл.Ридлея, страница. XVI в.",Cлужебные слова,,,
авторъ,,autor,м.,,,"Из польск. autor ‛автор, создатель, творец’ < лат. auctor ‛виновник,
основатель, писатель, автор’ от augeō ‛умножаю, увеличиваю’
(Фасм. 1: 60). Для польск. не исключено посредство или влияние
нем. Autor < лат. В рус. из польск., вероятно, через укр. и блр. (Аникин, 1, 86).
 ",,да," Творец, деятель, работник.",,"СлРЯ, 1, 20",,,XVII в.,XVII в.,,"Авторъ — работникъ. Алф., 22 об., XVII в.",Лексика сферы культуры,"В текстах XVIII в. аутор, ауктор, авктор
‛зачинатель, основатель, виновник, зачинщик’, ‛сочинитель
книги, документа и т. п.’ (СлРЯ XVIII 1: 19).  Рус. формы XVIII в. на авк-,
аук- — книжные заимств. непосредственно из лат. или полонизмы,
испытавшие влияние лат. auctor. (Аникин, 1, 86).",,
авторовъ,авторъ,autorowy,прил.,ауторовый,,см. авторъ,,да,Относящийся к автору; принадлежащий автору.,,"СлРЯ, доп, 8 ",,1611,,1611,," История Сарматии Европской... отъ Мартина Пашковскаго попечениемъ авторовымъ (съ) латинскаго на польский истолковася. (Опис.Сарматии) Соболевский, 76. 1611 г. ",Лексика сферы культуры,,,
агентъ,,"agent, ajent (handlowy)",м.,,,"Могло быть заимствовано сначала из польск. agent
(ajent) и, вторично (в XVII в.) — из швед. agent и/или нем. Agent. Этимон этих
слов — лат. agēns, -ntis, род. ед. PPA к ago ‘привожу в движение’ =
agēns ‘истец; сыскной агент’ (Аникин, 1, 91).",,да,"1. Доверенное лицо, представитель иностранного государства. 1.1. Торговый представитель, посредник.",,"СлРЯ, 1, 20",,,1584,1584,,"Пожаловали есмя аглинские земли купцовъ... Ульяна Товерсона да Ульяна Тронбура агента с товарыщи, ослободили есмя имъ ходити на кораблехъ въ свое государство въ Двинскую землю со всякими товары. Англ. д., 142. 1584 г.",Торговая лексика,,,
агентъ,,"agent, ajent (dyplomatyczny)",м.,,,"Могло быть заимствовано сначала из польск. agent
(ajent) и, вторично (в XVII в.) — из швед. agent и/или нем. Agent. Этимон этих
слов — лат. agēns, -ntis, род. ед. PPA к ago ‘привожу в движение’ =
agēns ‘истец; сыскной агент’ (Аникин, 1, 91).",,да,"Доверенное лицо, представитель иностранного государства.",,"СлРЯ, 1, 20",,,1638,1638,,"Октября въ 9 день сказывалъ въ посольскомъ приказѣ голштинского Фридерика князя агентъ Балтазаръ Демушаранъ. АМГ II, 92. 1638 г. ",Дипломатическая лексика,,,
агентский,агентъ,,прил. ,,,см. агентъ,да,да,Принадлежащий агенту.,,"СлРЯ, 1, 20.",,1670,,1670 г.,1655-1667 гг.,"В томъ городе многих великородных людей дворы, из разных государствъ агентские и купеческие и тутошных мещанъ честных богатых людей многие изрядно стройные. Козм., 220. 1670 г.",Торговая лексика,,,
адамашка,,adamaszek,ж.,"одамашка, дамашка",,"Из литер. яз. Юго-Западной Руси и/или ст.-польск., cр. укр. адамáшка, адамáшок,
ст.-укр. адамашъка, блр. адамáшка ‛шелковая материя’,
ст.-блр. адамашка.
Вост.-слав. < ст.-польск. adamaszek < ср.-лат. adamaschus ‛дамаскский’
< греч. δαμασκός, далее ср. др.-евр.
Dammešeq (обычно Darmešek), араб. Dimišk, Dimašk < др.-егип.
Timasku (Аникин, 1, 98).",,да,"Название шелковой ткани, привозимой из Дамаска.",,"СлРЯ, 1, 22 ","Ст.укр. 1, 65; КГСБМ, 11",,1626,1626,,"Къ государю въ хоромы...камки адамашки мелкотравной лазоревой взялъ крестовой дьякъ Яковъ Дмитреевъ. Заб. Дом. быт, I, 687. 1626 г. ",Названия тканей,"Дамаск уже в древности славился тканями и оружием. С итал. Damasco, лат. Damascus (< греч.) связаны итал. damasco ‛вид ткани’, ‛клинок с насечками’, нем. (< итал.) Damast ‛камка, ткань’ (ранее damask, ср.-в.-нем. damasch), франц. damas ‛дамá’, ‛дамасский клинок, булат’ и прошедшие зап.-евр. посредство слав. назв. ткани ст.-укр. дамаска, болг. дамáск, дамáска, с.-хорв. dàmašak damaška, чеш. damašek, ст.-чеш., слвц. damask (в слвц. ранее также
damašk, damast), в.-луж., н.-луж. damašk, damast (см. подр.
Brück.: 2; Mach.: 110; ЭСБМ 1: 77; Фасм. 1: 61—62; Batt. 4: 5;
VWSS 1: 9; Kiss 1: 353; Kl.: 23). К этому ряду примыкает и ст.-
рус. дамашка. Ср. ср.-н.-нем. (в документах Тевтонского Ордена)
tamaschke, tomaschke < польск. (Gard. 1965: 53). (Аникин, 1, 98-99).",,
администраторъ,,administrator,м.,,," Из литер. яз. Юго-Западной Руси, ср. укр. адмiнiстрáтор, блр. адмiнiстрáтар, администраторъ, а также (ст.-)польск. administrator
 < лат. admistrātor ‛распорядитель, наместник’ от
administro в знач. ‛заведую, управляю’ (Аникин, 1, 102-103).",,да,,,"СлРЯ, 1, 22","КГСБМ, 11",,1578,1578,,"А ты писался администраторомъ и гетманомъ Лифлянские земли. ДАИ I, 179. 1578 г.",Названия государственных должностей и чинов,,,
администраторство,,administratorstwo,ср.,,,см. администратор,да,да,"Должность, деятельность администратора (правителя, наместника).",,"СлРЯ, 1, 22",,,1578,1578,,"Также бъ и ты досаду свою отложилъ и нашей вотчинѣ шкоты никакие не дѣлалъ, а о администраторствѣ кручину отложилъ. ДАИ I, 179. 1578 г.",Названия государственных должностей и чинов,,,администраторъ
адмиралъ,,admirał,м.,"адмералъ, амералъ",,"Из разных фонетически близких источников, ср. англ. admiral, голл. admiraal, и польск. admirał, нем. Admiral < ст.-франц. admiral (-d- под влиянием admirer ‛удивляться, восхищаться’) = ср.-лат. admirallus < араб. (?) ’amīr ar-rah.l ‘повелитель флота (транспортного, курсировавшего в средневековье между Северной Африкой и Андалузией)’. В форме амералъ - через шведский (Аникин, 1, 103).",,да,Адмирал.,,"СлРЯ, 1, 22",,1643,1575,1575,,"Клаушу Флямину... Свейского королевства адмералу и болшому воеводѣ морскому. Швед. д., 292. 1575 г. ",Названия военных должностей,,"Адмиральский титул был официально принят в России при
Петре I.",
адмираловъ,адмиралъ,,прил.,,,см. адмиралъ,,,Относящийся к адмиралу.,,"СлРЯ, доп., 9",,1646,,1646,,"А городокъ Портълантъ отдан таварыщу адмиралову Балтону. Куранты3, 107. 1646 г.",Названия свойств / признаков,,,"адмиралъ, адмиральный, адмиральский"
адмиральный,адмиралъ,,прил.,,,см. адмиралъ,,,"То же, что адмиральский. ",,"СлРЯ, доп., 9",,1644,,1644,,"А из Галанской земли вѣсти есть, что тамъ карабел<ь>нои караван снаряже(н) и на адмирал<ь>номъ караблѣ... [лакуна]. Куранты2, 112. 1644 г.",Названия свойств / признаков,,,"адмиралъ, адмираловъ, адмиральский"
адмиральский,адмиралъ,admiralski,прил.,,,см. адмиралъ,,нет,"Принадлежащий адмиралу, относящийся к адмиралу.",,,,1643,,1643,,ЦИТАТА Куранты2 (1643) ,Названия свойств / признаков,,,"адмиралъ, адмираловъ, адмиральный"
академия,,akademia,ж.,акадимия,,"Через польск. Akademia ‛школа
Платона, высшее учебное заведение, академия’,
akademija, akademia ‛академия’, ‛торжественное заседание’
< лат. Acadēmia ‛роща близ Афин, посвященная Академу
(Acadēmus — Академ, аттический герой), где учил Платон’ <
греч.  Ἀκαδημία. (Аникин, 1 , 124).",,да,"Ученое общество, ученое и учебное заведение.",,"СлРЯ, 1, 25","КГСБМ, 12",1637,1637 г. ,1637,,"Нѣкто безумныи уноша въ акадимии прящеться о д ҃шѣ. Пч., 360. XIV–XV вв. ~ XIII в. || Королева Елисава… поставила академию, сиречь училище всяких розных грамотных учений. «Космография» Лыкова 1637 (Глускина).",Лексика сферы культуры,"Вариант 'акадимия' из греческого.  Пóзднее заимств. из
польск. вытеснило более раннее из греч. (Аникин, 1, 125).",,
акуратно,,akuratny,нареч.,акуратно,,"Адъектив аккуратный
из лат. accūrātus
‛старательно исполненный, тщательный, точный’ через польск. или нем. (возможно, и через укр., блр. <
польск.) (Аникин, 1, 125).",,да,"Точно, верно, правильно.",,,,,1694,1694,,"Хотя Тимофей и подавалъ заручныя челобитныя акуратно разъ въ три мѣсяца. Шумаков. Акты офиц., 83, 1694 г. ",Характеристики действий и признаков,"Совр. рус. аккуратно с удвоенным к, по-видимому, вторичное заимствование напрямую из немецкого, ср. рецензию на первое издание В. Витковского [J. Karzarnowicz 2002].",,
актъ,,akt,м.,,,"Рус. акт в знач. ‛документ’ усвоено из польск. akt ‛то же’  < лат. āctum, обычно ācta мн. ‛деяния, протоколы и др.’ от ago ‛веду, гоню, действую’. Допустимо укр. и блр. посредство. В знач. ‛деяние, дело’ — в Петровскую эпоху из польск. akt ‛поступок, дело, действие’ (XVI в.) < лат. actus ‛деятельность, действие’ (в польск., возможно, через франц. acte). Из польск. akt, по всей вероятности, происходит и рус. акт в знач. ‘пьеса’ (возможно, уже в XVII в.), пришедшее через Юго-Западную Русь (Аникин, 1, 133-134).",,да ,"Действие, делание.",,в СлРЯ нет,"КГСБМ, 13",XVI в.,,XVI в.,,"Части же [дерева], которые суть въ акту, сиирѣчь совершенно здѣланые... имѣютъ... сугубою разность. Назиратель, 208. XVI в.",Абстрактная лексика,,,
алебардъ,,(h)alabarda,м.,олебардъ,,"Большинство рус. форм объяснимы из польск. < ср.-в.-
нем.  helmbarte
‛алебарда’ (нем. Hellebarde, Hellebarte). Гласный е во втором слоге
рус. м. б. обусловлен передачей польск. l > рус. л’ и субституцией
а > е в неударной позиции. С учетом ранних
фиксаций слова в укр. (< польск.) для рус. следует считаться с укр. посредством (Аникин, 1, 155).",,да,"Оружие в виде насаженного на древко фигурного топорика, бердыш.",,"СлРЯ, 1, 27",,1647,,1647 г.,,"А будетъ онъ [сержант] идетъ протянутыми шеренгами, и онъ несетъ алебардъ свой на правом плечѣ. Учен. ратн. строения, 223. 1647 г. ",Оружие,,,
алебардъ ,,,,,алибарда,"Большинство рус. форм объяснимы из польск. < ср.-в.- нем. helmbarte ‛алебарда’ (нем. Hellebarde, Hellebarte). Гласный е во втором слоге рус. м. б. обусловлен передачей польск. l > рус. л’ и субституцией а > е в неударной позиции. С учетом ранних фиксаций слова в укр. (< польск.) для рус. следует считаться с укр. посредством (Аникин, 1, 155).",,да,"Оружие в виде насаженного на древко фигурного топорика, бердыш.",,"СлРЯ, 1, 27",,,1682,1682 г.,,"Въ козенныхъ погребахъ... 7 алибардъ. ДАИ X, 98. 1682 г.",Оружие,,,
алебардникъ,,(h)alabardnik,м.,олабердникъ,,см. алебардъ,,да,"Воин, вооруженный алебардой.",,"СлРЯ, 1, 27","КГСБМ, 15",1647,,1647,,"Когда имѣешь роту салдатовъ трехъсотъ человѣкъ, а в том числѣ... 20 человѣкъ алебардниковъ. Учен. ратн. строения, 82 об. 1647 г. ",Военная лексика,,,
алебардный,,(h)alabardny,прил.,,,см. алебардъ,,да,Относящийся к алебарде.,,"СлРЯ, 1, 28",,1647,,1647,,"И возметъ [сержант] алебардъ правою рукою... и переднии перстъ на алебардѣ предъ собою простерто лежа, что конецъ передняго перста лежалъ на алебардномъ концѣ. Учен. ратн. строения, 223. 1647 г.",Названия свойств / признаков,,,
алебардщикъ,алебардъ,,прил.,,,см. алебарда,,да ,"То же, что алебардникъ.",,"СлРЯ, 1, 28",,1647,,1647 г.,,"А досталнымъ салдатомъ всѣмъ мушкѣтеромъ быти, а не алебардщикомъ. Учен.ратн.строения, 120. 1647 г.",Военная лексика,,,
алебастръ,,alabaster,м.,"алябастръ, алабастръ, олбастръ",,"Через польск. alabastr, alabaster,
нем. Alabaster < лат. alabastrum, alabaster ‛грушевидный пузырек
для духов или притираний’ < греч. (Аникин, 1, 156).",,да,Алебастр.,,"СлЛЯ, 1, 28","КГСБМ, 15",,1679,1679,,"Чертежи греческой церкви, морю Архангелскому, гдѣ ламаютъ камень алабастръ. ДТП I,  861. 1679 г. ",Названия материалов,"Формы с -в- из греч.
 — предположительно
из др.-егип. *‛a la baste ‛сосуд богини Эбасте’. Для рус. и укр. возможно посредство ст.-слав.
алавастръ ‛алебастр, алебастровый сосуд’ (Аникин, 1, 156).",,
алебастровый,,alabastrowy,прил.,"альбастровый, олебастровый",,см. алебастръ,,да ,Сделанный из алебастра.,,"СлРЯ, 1, 28","КГСБМ, 15",,1678,1678,,"По тои гулфарбѣ позолотилъ къ олебастровому столу рамы деревянные столярские. Заб. Дом. быт, I, 691. 1678 г.",Названия свойств / признаков,,,
алембикъ,,alembik,м.,алимъбикъ,,"Из польск. alembik, ст.-польск. alembik, alambik, olembik, olimbik < франц. alambic ‛перегонный куб’ <
араб. al-’anbîq ‛кубок’ < греч. ἄμβιξ (Аникин, 1, 158). ",,да,Прибор для перегонки жидкостей.,,"СлРЯ, 1, 28","КГСБМ, 14",1534,,XVII в.,1534,И потомъ-то вино процѣди сквозѣ платъ и выжми и перепусти алимъбикомъ пятья. Травник Любч. 403. XVII в. ~1534 г.,Названия химических приборов,"Вариант алим(ъ)бик(ъ), возможно, находится в сепаратной
связи с итал. (< араб.) limbicco = lambicco ‛перегонный
куб’ (Аникин, 1, 157).",,
алкантъ,,"alkant, alakant",м.,"алакантъ, алканъ, алкатъ",алаканта,Отсутствует в этимологических словарях Фасмера и Аникина.,,да,Название вина (по местности в Испании).,,"СлРЯ, 1, 28",,,1546,1546,,"Вино алаканта. Сл.Шрове, 80, 1546 г. Вино алкант. Аноним. разг., 47, 1568 г. ",Названия напитков,,,
алкирмесъ,,alkiermes,м.,,,"Из польск. alkiermes, от араб. al-kirmiz",,да,"Кошениль (здесь -- красящее вещество -- кармин, имеющееся в теле самки насекомого).",,"СлРЯ, доп., 11",,XVII в.,,XVII в. ,,"Тотъ убо сокъ собою густъ, аки алкирмесъ (alkiermesu). Основ.Царьгр., 44 об. XVII в. ",Названия красок и веществ для их изготовления,,,
[алхимиевъ] (алхемивъ),алхимия,,прил.,,,см. алхимия,,да,Алхимический.,,"СлРЯ, доп., 12",,1534,,XVII в.,1534,"Во алхемивѣ премудрости. Травник Любч., 666. XVII в. ~ 1534 г.",Химическая терминология,,,
алхимийский,,alchimijski,прил.,,,см. алхимия,,да,Относящийся к алхимии (в знач.1).,,"СлРЯ, 1, 32",,,1648,1648,,"А алхимискому ученью учился онъ пять лѣтъ, и тому навыченъ, и будетъ ево на столько съ такова дѣла, со всего дѣлати духи, маслы, ...и что алхимисту знати и дѣлать доведетца. Мат. медиц., 615. 1648 г.",Названия свойств / признаков,,,
алхимия,,alchimija (alchemia) (помещение при аптеке),ж.,альхимия,,"Из ср.-лат.  при возможном посредстве ст.-польск.
alchymi(j)a, ср.-лат. alchimia (alchemia) < исп.
alquimia < араб. al-kīmiā’ ‘философский камень; алхимия’ = артикль
al + заимств. из греч. χυμεία 'смешивание жидкостей' (Аникин, 1, 173).",,да,"1. Средневековое учение, предшествующее научной химии. 2. Помещение при аптеке для приготовления лекарств.",,"СлРЯ, 1, 32",,XVII в.,,XVII в.,,"[Дрова] носятъ в поварни, в пекарни, в оптеку, в алхимию. Основ. Царьгр., 27. XVII в. ",Химическая терминология,"алхимист - через нем. (Alchimist), а не польск. посредство (alchimista). (Аникин, 1, 173).","В 1709 г. пояляется перевод книги Э. Брауна из Данцига (Braun Ernst. Novissium fundamentum et praxis artilleriae, Danzig 1682), в котором также фиксируется употребление слова ""алхимия"": Обрѣтение пороха и пищалеи нѣкоторому ученому и во алхимии зѣло искусному монаху немецкого народа, имянемъ Бартолду Шварцу причитаютъ. Браун. Артил., 89. 1709 г. ~ 1682 г. ",
альбо,,albo ,союз,,," Из польск. albo, ст.-польск. alibo(ż). Рус. ал(ь)бо ‛или’ в текстах XVIII в. (в СлРЯ XVIII 1: 54 с пометой
«юго-зап.») и смол. альбо ‛или, хотя’ м. б. полонизмами или находиться с польск. словом (также
укр., блр.) в ареальной связи. (Аникин, 1, 160).",,нет,"Или, или же.",,"СлРЯ, 1, 33.","Ст.укр. 1, 68; КГСБМ, 15",,1563,1563,,"А будетъ на рубежи у четвергъ, ал<ь>бо въ пятницу рано, и ты бъ противъ его послалъ стрѣчу. Польск.д. III, 175. 1563 г.",Cлужебные слова,"Слово отсуствует в литературном языке, но широко представлено в говорах.",,
альтъ,,alt,м.,,,"Из нем. Alt или польск. (< нем.) alt, далее из итал. alto (лат. altus ‛высокий’) в знач. ‛низкий женский голос’ < ‛высокий мужской голос’ (Аникин, 1, 181).",,да,Альт (голос).,,"СлРЯ, 1, 33",,,1679,1679,,"Алтъ, иже есть латински алтусъ, славенски же высокий, ибо онъ вся гласы, когда нѣсть дисканта,...гласомъ своимъ превосходитъ. (Идея грам. мус. Дилецкого) Мат. арх. сл. I, 22. 1679 г.",Музыкальные термины," Рус. альт  ‛вид духового инструмента’
происходит из итал. alto как назв. муз. инструмента (viola alta), также через
франц. alto (violon alto) (Аникин, 1, 181).","Термин впервые употребляется в сочинениях Николая Дилецкого, музыканта-теоретика украинского происхождения, обучавшегося в Западной Руси (в Вильне). Впервые музыкальный трактат был написан им на польском языке, а впоследствии переведен на церковнославянский. Польский оригинал не сохранился.",
алтабаский,алтабасъ,,прил.,олтабаский,,см. алтабас,,да,Сделанный из алтабаса.,,"СлРЯ, 1, 31",,,Росп.им.Н.Ром.,1657,,"2 покровца олтабаские золотные. Росп.им.Н.Ром., 56. 1657 г.",Названия свойств / признаков,,,
алтабасный,,altembasny,прил.,"алтабачный, олтабачный",,см. алтабас,,да,Сделанный из алтабаса.,,"СлРЯ, 1, 31",,,Выходы цар.,1676,,"Зипун, тафта бѣла, обнизь алтабасная золотная. Выходы цар., 622. 1676 г. ЦИТАТА K1 1605",Названия свойств / признаков,,,
алтабасъ,,altembas,м.,"альтенбасъ, олтабасъ",,"Через польск. ałtambas (также altembas, ałtembas) ‛шелковая материя с золотыми и серебряными нитями’ < ст.-тур. *altynbaz = altynbäz < altyn ‛золото’
+ араб. bazz (bezz) ‛холст, полотнище’. Возможно, также украинское посредство. (Аникин, 1, 169).",,да,Персидская парча.,,"СлРЯ, 1, 31",,,1653,1653,," Вершокъ алтабасу серебряннаго на бѣломъ шелку. АРс.Сух.Проскинитарий, 120. 1653 г.",Названия тканей,"С начала XVIII века название «алтабас» вытеснено словом «парча». Причина - указы Петра I о запрете ношения костюмов, указывающих на сословный статус."," Использовалась в Византии как элемент украшения парадного костюма. Одежду, сшитую целиком из алтабаса, носил только император и высшая знать. В XVI—XVII вв. алтабас завозился на Русь с востока для нужд двора и церкви и использовался для пошива парадных одежд. 
Петр I запретил ношение одежды из алтабаса, указывающей на сословный статус.",
альтистый,альтъ,,прил.,,,см. альт,,да,"Обладающий альтом, поющий альтом.",,"СлРЯ, 1, 33",,,,,,Ты… прислалъ спѣваковъ… басистых дву человѣк… да алтистыхъ.Строг.столб. 1689 г.,Музыкальные термины,,,
амбра,,ambra,ж.,,,"
Из араб. ‛anbar через ср.-лат. ambra, франц. ambre при дальнейшем посредстве нем. Ambra и (ст.-)польск.
ambra < ср.-лат. (Аникин, 1, 195).",,да,"Смолистое вещество, употребляемое как лекарство.",,"СлРЯ, 1, 35",,,1673,1673,,"Въ костяныхъ сосудахъ: гвоздичного сосудъ, коричного сосудъ... свороборинного съ амброю стопка... Въ другой коробьѣ въ сулеяхъ. ...2 сулеи водки коричной съ амброю жъ да безъ амбры. ДАИ VI, 324. 1673 г.",Названия различных веществ и химических соединений,,"Амбра образуется в пищеварительном тракте кашалотов. Используется в парфюмерии, в традиционной медицине и в гомеопатии. В Средние века амбра считалась целительной и входила в число изысканных дипломатических подарков. Главными торговцами серой амброй были арабы.",
аметистъ,,ametyst,м.,аматистъ,,"Из греч. ἀμέθυστος см. аметоусонъ), заимствованное в лат. amethystus, далее через посредство
(или под влиянием) (ст.-)польск. ametyst, нем. Amethyst,
франц. améthyste. Через лат.
(польско-латинское) посредство прошло рус.-
цслав. аметистъ (СлРЯ XI—XVII 1: 35), кот. известно
только по
сп. XVII в., отражающему усиливавшееся влияние зап. традиции
в произношении греч. слов: формы с т вследствие посредства или
влияния лат. amethystus (< греч.). Аметист,
как и аматистъ, могло попасть в
рус. также через ст.-укр. аметистъ, аматистъ, ст.-блр.
аметистъ нач. XVI в. (Аникин, 1, 198).",,да,Аместист.,,"СлРЯ, 1, 35","КГСБМ, 16",,,1672,," Аматистъ есть камень цвѣтомъ вишневъ, а родится в Индии; сила того камени есть: пьянство отгоняти, мысли лихия отдаляти, добрый разумъ дѣлаетъ и во всякихъ дѣлѣхъ помочь даетъ. Кн. прохладный вертоград, 155. 1672 г. ","Названия камней, в т.ч. драгоценных","ср. также грецизмы амѣфустонъ, амфусии","Греч. ἀμέθυστος ‛не пьяный’, ‛средство против опьянения’, сложение ἀ  ‛не’ и произв. от μέθυ ‛вино’. Аметист мог получить свое
назв. из-за его лилово-фиолетового цвета, напоминающего разбавленное
водой красное вино, от кот. нельзя опьянеть; отсюда,
возможно, его статус амулета от пьянства (Аникин, 1, 198).",амѣфустонъ
амитистовъ,,ametystowy,прил.,,,см. аместист,,да,"Амистистов камень -- то же, что аметист. ",,"СлРЯ, 1, 35",,1534,,XVII в.,1534,"Мистръ глаголетъ, что тот амитистов камень, которыи привозятъ из ындѣиских стран дражаиши есть всѣх камении, которые сут<ь> цвѣтомъ багряны. Травник Любч., 657. XVII в. ~ 1534 г.",Названия свойств / признаков,,см. аместистъ,
андаракъ,,anderak,м.,,,"Через белорусское посредство из польск. диал. anderak, andarak, ст.-польск. inderak XVI в., которое восходит к н.-нем. onderrock 'нижняя юбка' (Аникин, 1, 217). ",,да,Нижняя юбка.,,,,,1696,1696,,"Сто аршин самоткану да три андарака домотканых поношеных да холстовъ в остатках. Сл. Смол., 23, 1696. ",Названия одежды,"Рус. óндрак в сибирских говорах — украинизм или белорусизм (от переселенцев в Сибирь) (Аникин, 1, 217).",,
апоплексия,,apopleksja,ж.,опопликсия,,"В форме опопликсия из греч. ἀποπληξία, в остальных — из лат. (< греч.) apoplēxia, непосредственно или через польск. apopleksja (Аникин, 1, 244).",,да,"Паралич, удар.",,"СлРЯ, 1, 41","КГСБМ, 18",1534,,XVII в.,1534,"Обдержани суть детинцемъ или опопликсию. Травник Любч., 253. XVII в. ~ 1534 г. ",Названия болезней,"Ударение в апоплексúя или 
под вторичным влиянием греч. слова или вследствие заимств. через
франц. (< лат.) apoplexie (Аникин, 1, 244).",,
апостема,,apostema,ж.,,,"Из ст.-польск. apostema < лат. apostema < греч.
ἀποστήμα (Аникин, 1, 245).",,да,"Воспаление; нарыв, удар.",,"СлРЯ, 1, 42",,,,1672,,"Тое масло [миндальное] аще съ воскомъ обычнымъ смѣшаемъ и сдѣлаемъ масть, апостему въ грудѣхъ и почкахъ, кая бываетъ отъ камени, такоже и селезенную тушитъ. Кн. прохладный вертоград, 137. 1672 г.",Названия болезней,,,
аптека,,apteka,ж.,"абтика, аптыка, оптека, обтека, апотека.",,"Из польск. apteka при возможном ст.-
блр. посредстве.  В конечном счете из греч. ἀποθήκη ‛склад,
хранилище’, кот. распространялось в слав. яз. через нем. (< лат.)
Apotheke, а также ср.-лат.
apotheca, обнаруживающих специализированное знач. ‛хранилище
лекарств и мазей’ (Аникин, 1, 249).",,да,"1. Заведение, где изготовляют и продают лекарства, аптека. 2. Аптечка. 3. Хранилище, сокровищница.",,"СлРЯ, 1, 43","КГСБМ, 19",1499,1689,XVII в.,1534,"А то есть составное зелие во абтикахъ. Травник Любч., 431. XVII в. ~ 1534 г. Скрына, а въ ней вдвижныхъ 8 ящиков съ замки глездуны, съ низу въ первом ящикѣ оптека, а въ немъ всякое лекарство Д. Шакловит. IV, 99. 1689 г.",Медицинская лексика,"Начальное о(б)- в рус. объясняется влиянием прист. об-, а также
общей тенденцией к замене а- на о-. Рус. аптыка (ст.-укр. аптыка, польск. (h)aptyka и т. п. формы с y) по всей вероятности, указывают на посредство чеш. aptyka, (h)apatyka (Аникин, 1, 249). Вариант апотека - только в значении 3 в Библ.Генн. (2 Ездр. I, 54) в соотсветствии с Вульгатой (apotheca).","Первая аптека в Москве (царева
— только для царского двора) появилась в 1581 г., а в Пинске
и Бресте — соответственно в 1561 и 1566, в Польше — в 1281 г. (Аникин, 1, 249).",
аптекарский,,aptekarski,прил.,"оптекерский, аптикарский, апътекирский, оптекарский",,см. аптекарь,,да,"1. Относящийся к аптекарю. 2. Предназначенный для аптеки, относящийся к аптеке. 2.1. Аптекарский двор - усадьба, оборудованная для разведения лекарственных растений и хранения различных запасов. 2.2. Аптекарская палата - дворцовая аптека. 2.3. Аптекарский приказ - управление, ведающее лечебными делами.",,"СлРЯ, 1, 43","КГСБМ, 19",,1655,,,"И ты бъ тѣ оптекарские лѣкарства велѣлъ дѣлать вовремя. ДАИ IV, 32. 1655 г. Аптекарскому дѣлу изучился онъ в Цесарской землѣ. ДАИ XII, 55. 1697 г.",Названия свойств / признаков,,,
аптекарство,,aptekarstwo,ср.,оптекарство,,см. аптекарь,,да,"Звание, профессия аптекаря.",,"СлРЯ, 1, 44",,,1645,1645,,"Онъ Филипъ Бриотъ его королевского денежного двора приказного сынъ, немало лѣтъ учился лечебнымъ мудростемъ, и учениемъ своимъ досталъ оптекарства и лекарства, и хочетъ служить государю. АИ III, 495. 1645 г.",Медицинская лексика,,,
аптекарчество,аптекарь,,с.,,,см. аптекарь,,да,"То же, что аптекарство.",,"СлРЯ, 1, 44.",,,1657,1657,,"А нынѣ онъ Романъ выбралъ служить аптекрчествомъ своимъ царскому величеству. Мат.медиц, 172. 1657 г.",Медицинская лексика,,,
аптекарь,,aptekarz,м.,обтекарь,,"Через (ст.-)польск. из
лат. apothēcārius или из нем. Apotheker или сходного деривата от
назв. аптеки, ср. нем.-балт. Aptheker, ср.-н.-нем. Appeteker. Не исключено, что ст.-рус.
апотекарь в Геннадиевской библии 1499 г. непосредственно из лат. (Аникин, 1, 249).",,да,"Медик, изготовляющий лекарства, лекарь.",,"СлРЯ, 1, 44","КГСБМ, 19",1499 г.,XV в.,1499 г.,,"Поставиша же его на постели своеи полна араматовъ и помазаниа блудна, иже бѣху апотекаром умомъ сдѣланы (2 Парал, XVI, 14) Библ.Генн. 1499 г.","Названия лиц по профессии, роду деятельности",,,
аптекаревъ,аптекарь,,прил.,,,см. аптекарь,,да,Принадлежащий аптекарю.,,"СлРЯ, 1, 43",,,1658,1658,,"Бьетъ челомъ сирота твоя... вдова Анютка Иванова дочеришка... апътекарева Андрѣевская женишка. Мат.медиц., 697. 1658 г.",Названия свойств / признаков,,,
аптековский,аптека,,прил.,,,см. аптека,,да,"Аптековская палата - то же, что аптекарская палата. ",,"СлРЯ, 1, 44.",,,Кн.пер.Моск.,1668,,"Кабацкой переулокъ дворы... лекаря Симона Захарьева Аптековской палаты. Кн.пер.Моск. II, 114. 1668 г.",Названия свойств / признаков,,,
аптечка,,apteczka,ж.,оптечка,,см. аптека,,да,Аптечка.,,"СлРЯ, 1, 44",,,1686,1686,,"Станочнаго дѣла мастеры дѣлали къ нему великому государю въ хоромы верстать столярскои съ двумя выдвижными ящики, двѣ оптечки — четверогранную да круглую. Арх. бум. Петра, I, 72. 1686 г.",Медицинская лексика,,,
аргументъ,,argument,м.,,," В конечном счете из лат. argūmentum ‛повесть,
рассказ’, ‛тема, содержание’, ‛довод’ от arguo ‛показываю, выявляю’.
Возможные посредники — нем. (< франц. < лат.) Argument, франц.
argument (следует считаться и с возможностью прямого заимств. из лат.) или польск. (< лат.) argumentum (Аникин, 1, 169-170).",,да,"Сведение о чем.-л., довод, свидетельство.",,"СлРЯ, 1, 46","КГСБМ, 20",,XVII в.,XVII в.,XVI в.,"И таковымъ вселенскимъ учителемъ явишаяся, иже паче его лѣпшии ни единъ обрѣтается во востоке и въ западе, во пространныхъ изъявлениихъ евангельскихъ и апостальскихъ и пророческихъ словесехъ непререкомыми свидѣтелиствы и аргументы содержимыхъ. Курб. Пис., 412. XVII в. ~ XVI в.","Лексика, связанная с риторикой и логикой",,,
аргументовать,,argumentować,глаг.,,,Из польск. argumentować. Далее см. аргументъ,,да,"Сообщать какие-либо сведения, свидетельствовать.",,"СлРЯ, 1, 46","КГСБМ, 20",,XVII в.,XVII в.,XVI в.,"Святыи Герасимъ аргументуетъ или свидѣтельствуетъ о святой первомученицѣ Фекле, иже еѣ ѣсти медведи устыдѣшася и почиташа еѣ чрезъ естество въ кротость приложишася [по вариантам]. Курб. Ист., 316. XVII в. ~ XVI в.","Лексика, связанная с риторикой и логикой",,,
аренда,,arenda,ж.,,,"Из польск. при возможном старобелорусском посредстве. Далее ср.-лат. arrenda ‛census
annuus, годовой оброк’ (юридический термин лат. канцелярий) от
arrendare ‛сдавать в наем’ < *ad-rendāre, ср. лат. reddo ‛возвращаю’ (Аникин, 1, 273).",,да,Аренда.,,"СлРЯ, 1, 46","КГСБМ, 20",,1665,1665,,"Тогда бьетъ челомъ гетманъ съ войскомъ, чтобъ села, мельницы... казеннымъ поборамъ и арендамъ не подлегали. СГГД IV, 159. 1665 г.",Торговая и деловая лексика,"От этого же латинского корня совр. рус. рéнта < нем. Rente < франц. rente < ср.-лат. rendita от reddo (Аникин, 1, 273).",,
арестъ,,areszt,м.,,,"В конечном 
счете из ср.-лат. arrestum < *ad-restum ‛остановка, задержка’, ср.
arrestāre ‛останавливать, задерживать’ (< нар.-лат. *ad-restāre).
Рус. áрéст < ? нем. Arrést < ст.-франц. arrest (совр. франц. arrêt)
или итал. arresto < arrestum. Не исключено польск. происхождение
рус. формы с -с, поскольку засвидетельствовано ст.-
польск. arest  (Аникин, 1, 274).",,да,"Арест на имущество, распоряжение об аресте на имущество.",,"СлРЯ, 1, 46","КГСБМ, 20",,,1651,,"А ныне де в Колывани ево, Индриковы, животы взяли вы на ратушу... И вы де тому моему племяннику дали с ратуши арестъ, что того живота безъ него никому отдавати не велено. Ревел. а. I, 238. 1651 г.",Лексика из области права и наказаний,,,
аркобузъ,,arkabuz,м.,,,"Из польск.
arkabuz < итал. Итал. из ср.-в.-нем. hâkenbüchse ‛аркебуза’ = ‛пушка с
крюком’, ср. hâken ‛крюк’ + büchse ‛пушка’ (показательно польск.
hakownica ‛аркебуза’) (Аникин, 1, 281-282).",,да,"Ручное огнестрельное оружие, самопал.",,"СлРЯ, 1, 47",,,1589,1589,,"Аркобузъ литовской: стволъ вполы; облой отъ замка грановитъ. Оруж.Бор.Год., 33. 1589 г.",Оружие," Рус. формы с е во втором слоге заимствованы
через польск. из франц. или из нем. Arkebuse (< франц.) (Аникин, 1, 282).",,
аркобузеръ,,arkabuzer,м.,,,см. аркобузъ,,да,,,,"КГСБМ, 20",,,XVII в.,,"Аркабузеръ — arkebuzer. Двор тур. султ., 233, 2-я пол. XVII в.",Военная лексика,,,
артиллерия,,artyleria,ж.,"артолария, алтирерия (Аникин), алтиллерия (Аникин), эттилерия (Аникин).",,"В яз. Европы из франц. artillerie, дериват ст.-франц. artillier ‛снабжать (военными) орудиями’,
образованного от atil(l)ier (< герм.) ‛устраивать, прилаживать’ и
сблизившегося по нар. этимол. с art ‛искусство, умение’. По иному объяснению, франц. artillerie < прованс.
artilla ‛крепостное укрепление’ < лат. articula, уменьш. от
ars, artis ‛искусство’.
Посредниками при заимств. в рус.
могли быть польск. artyleria, , ст.-польск. artyleryja (из франц.
и/или из итал. artigleria), нем. Artillerie, голл. artilery, датск.
artilleri, англ. artillery (Аникин, 1, 298).",,да,Артиллерия.,,"СлРЯ, 1, 49; Фасмер, I, 89",,,1698,1698,,"Они суть маэоры от артиллерии или пушечнаго снаряду... надлежитъ маэору от артиллерии более того знать нежели нѣсколько пушекъ и телегъ сохранять... надлежитъ разумѣть все, что ко артиллерии принадлежитъ. Петр, I, 716. 1698 г.",Военная лексика," Рус.
формы с н…л…р, л…л…р возникли уже на рус. почве вследствие
преобразования исходного r…l…r.  Прост. антилéрия: Вот и Ленин наш
летит, С антилерии палит (фольк.), 30-е гг. XX в. (Аникин, 1, 297-298).","В России появление огнестрельных орудий с достоверностью восходит к концу XIV столетия. В 1389 году на Русь привезены были из-за границы, по-видимому, первые литые орудия — «арматы и стрельба огненная». В России XVI—XVII вв. для длинноствольных орудий утвердилось название «пищаль», которое является буквальным переводом западноевропейского слова «кулеврина».  Древнейшая сохранившаяся русская литая пищаль относится к 1485 году. Вся артиллерия называлась на Руси «огнестрельным нарядом» или «большим нарядом». Начальником его во время похода был пушкарский голова. Артиллеристы назывались пушкарями и стрелками, смотря по величине орудий, при которых они находились. К каждому орудию назначалось не более двух пушкарей, которым придавались податные люди для прислуги. Хозяйственными делами заведовал пушкарский приказ. В XVII веке появилось в России и первое сочинение по артиллерийскому делу — «Устав ратных пушечных и других дел», составленный Онисимом Михайловым. Начало регулярной российской артиллерии относится уже к 1695 году, когда при Преображенском полке была учреждена бомбардирская рота. Капитаном этой роты с 1695 по 1706 год был сам царь Пётр I. В петровские времена в России впервые организовано было массовое промышленное производство артиллерийских орудий на Олонецких заводах и на уральских заводах Никиты Демидова.",
арфа,,(h)arfa,ж.,,,"От нем. Harfe ‛арфа’, ср. др.-в.-нем. harpha, англ. harp
‛арфа’ < герм. *harppō < и.-е. *korbā, к *kerb- ‛щипать согнутыми
пальцами’ ~ рус. корóбить(ся).  В рус., возможно, прямо из
нем., т. к. не исключена утрата h- (ср. арцуг). Во всяком
случае, рус. гарфа м.б. из нем. Harfe. Но более вероятно, что
рус. формы на а- из польск. arfa (Аникин, 1, 301).",да,да,Арфа.,,"СлРЯ, 1, 50","КГСБМ, 21",,,1697,,"«Путешествие» П.А. Толстого (360): «арфы, флейты» (Падуя, 1697) согласно словарю [Черных 1993] || Июля въ 10 день дано музыкантомъ, которые играли въ 9 числѣ ввечеру во время имянинной ужины, у третьяго посла на арфѣ и на скрыпицахъ, пять ефимковъ. Рим. имп. д. IX, 1024. 1698 г.",Названия музыкальных инструментов,,"В Петровское
время арфа была на Руси атрибутом зап.-евр. жизни (Аникин, 1, 301).",
арцибискупъ,,arcybiskup,м.,арцыбискупъ,,"Из (ст.-)польск.
arcybiskup < arcy- + biskup < др.-в.-нем. biskof < лат.
episcopus < греч., ср. архиепúскоп. Ст.-рус. бискуп ‛католический
епископ’ < польск. (Аникин, 1, 308).",,да,"Титул главного, старшего среди епископов.",,"СлРЯ, 1, 53; Срз., 1158; СлРЯ, 7, 367.","Ст.укр. 1, 80; КГСБМ, 22",,XVI в. ,XVI в.,,"Вниде папа Еугений въ костель, сирѣчь въ церковь, съ нимъ же арцибискупи и бискупи латынстии. Воскр. лет. VIII, 101. XVI в.",Названия церковных должностей,"Встречающийся в полонизмах вариант арци- передает польск.
arcy- (> блр. арцы-) = чеш. arci- < arki- < лат. arc(h)i, отсюда и
нем. erz-, кот. могло повлиять на зап.-слав. (Аникин, 1, 303).",,"архиепископъ, бискупъ"
арцибискупль,арцибискупъ,,прил.,,,см. арцибискупъ,,да,Принадлежащий архибискупу.,,"СлРЯ, 1, 53",,,XVI в. ,XVII в.,,"(1480:) Местеровы люди да арцабискупли Вышегородокъ взяли.  Псков.лет. II, 219. XVI в.",Названия свойств / признаков,"Встречающийся в полонизмах вариант арци- передает польск.
arcy- (> блр. арцы-) = чеш. arci- < arki- < лат. arc(h)i, отсюда и
нем. erz-, кот. могло повлиять на зап.-слав. (Аникин, 1, 303).",,арцибискупъ
арцибискуповъ,арцибискупъ,,прил.,,,см. арцибискупъ,,да,Принадлежащий архибискупу; относящийся к арцибискупу.,,"СлРЯ, 1, 54",,,1503,1503,,"И Петру съ товарищи того человѣка ждати съ печатью съ арцибискуповою. Польск.д. I, 426. 1503 г.",Названия свойств / признаков,"Встречающийся в полонизмах вариант арци- передает польск. arcy- (> блр. арцы-) = чеш. arci- < arki- < лат. arc(h)i, отсюда и нем. erz-, кот. могло повлиять на зап.-слав. (Аникин, 1, 303).",,арцибискупъ
арцибискупский,,arcybiskupski,прил.,,,см. арцибискупъ,,да,Относящийся к арцибискупу.,,,,1645,,1645,,И о том [правах арцибискупа по договору] арцыбискупъскои отдачи еѣ королевина величества в Свѣе доложить. Куранты3 1645 г.,Названия свойств / признаков,"Встречающийся в полонизмах вариант арци- передает польск.
arcy- (> блр. арцы-) = чеш. arci- < arki- < лат. arc(h)i, отсюда и
нем. erz-, кот. могло повлиять на зап.-слав. (Аникин, 1, 303).",,арцибискупъ
арцибискупство,,arcybiskupstwo,ср.,,,см. арцибискупъ,,да,"То же, что архиепископство (у католиков).",,"СлРЯ, 1, 54","КГСБМ, 22",,1581,1581,,"А что арцыбискупъ Вильгельмъ былъ старого Жигимонта короля кровный его, ино ему мѣстечка нигдѣ не было, ино по королеву прошенью Лифлянты ему дали арцибискупство Рижское. Поссевин, 161. 1581 г.",Религиозная лексика,"Встречающийся в полонизмах вариант арци- передает польск.
arcy- (> блр. арцы-) = чеш. arci- < arki- < лат. arc(h)i, отсюда и
нем. erz-, кот. могло повлиять на зап.-слав. (Аникин, 1, 303).",,"архиепископство, арцибискупъ"
арцикнязь,,arcyksiążę,м.,,архикнязь,"Из польск. arcyksiążę ‛эрцгерцог’ (Аникин, 1, 309).",,да,Эрцгерцог.,,"СлРЯ, 1, 54",,1621,,1621,,"А здѣся в городе Аувсбурге ежеден по набаты бьют и наимовают людеи на арцыкнзя Леаполда, а толко не мнгие люди наимоваютца. Куранты1, 1621 г. ","Названия государственных и административных должностей, титулов и чинов","Встречающийся в полонизмах вариант арци- передает польск. arcy- (> блр. арцы-) = чеш. arci- < arki- < лат. arc(h)i, отсюда и нем. erz-, кот. могло повлиять на зап.-слав. (Аникин, 1, 303).",,архикнязь
арцикняжество,арцикнязь,arcyksięstwo,ср.,арцыкняжество,,см. арцикнязь,,да,Эрцгерцогство.,,"СлРЯ, 1, 54",,,1594,1594,,"И иные многие люди, которые съ арцыкняжества Аустрѣйского собраны съ тридцати человекъ по человѣку, тѣ съ радостью пошли, двѣ тысячи конныхъ людей послали на островъ, Рим. имп. д. II, 84. 1594 г.",Лексика социально-общественной сферы,"Встречающийся в полонизмах вариант арци- передает польск.
arcy- (> блр. арцы-) = чеш. arci- < arki- < лат. arc(h)i, отсюда и
нем. erz-, кот. могло повлиять на зап.-слав. (Аникин, 1, 303).",,арцикнязь
арцикняжна,арцикнязь,arcyksiężna,ж.,,,см. арцикнязь,,да,Эрцгерцогиня.,,"СлРЯ, 1, 54",,,1595,1595,,"А королева полская съ матерью своею, арцыкняжною Аустрийскою, били челомъ королю чтобъ велѣлъ канцлеру выѣхать изъ Волоские земли. Рим. имп. д. II, 382. 1595 г.","Названия государственных и административных должностей, титулов и чинов","Встречающийся в полонизмах вариант арци- передает польск.
arcy- (> блр. арцы-) = чеш. arci- < arki- < лат. arc(h)i, отсюда и
нем. erz-, кот. могло повлиять на зап.-слав. (Аникин, 1, 303).",,арцикнязь
байка,,bajka < baja,ж.,,бая,"Через 
польск. baja, bajka ‛грубое сукно, зимняя юбка, толстый кафтан’,
кот. из н.-нем. baie < ст.-франц. baie ‛вид ткани’ ~ ? лат. badius ‛каштановый,
светлокоричневый’. Вероятно также заимствование напрямую из нем. или голл. (Аникин, 2, 87-88). ",,да,Байка (ткань).,,"СлРЯ, 1, 66.","КГСБМ, 25",,1643,1643,,"Суконного ряду Аврамку Ерфееву за зеленую байку 10 ал., взята байка государю патриарху на онучки. Заб.Мат.I, 955. 1643 г. ",Названия тканей,"байка < польск. bajka < baja 'род сукна; юбка' (из нем.); тж. из нем. kucbaja, kuczbaja 'толстая шерстяная ткань, одежда из такой ткани'  ",,
байковый,байка,bajkowy,прил.,,,см. байка,да,да,прил. к байка.,,"СлРЯ, 1, 66.",,,1655,1655,,"На сундукѣ лагалище сукно байковое красное. Росп.им.Н.Ром., 85. 1655 г. ",Названия тканей,,,
балка,"balka (Аникин, 2, 143).","balka (15 w.), belka",ж.,,,"Из ср.-н.-нем. balke ‛балка’ ~ др.-в.-нем. balko, balcho, нем.
Balken < герм. зап. *balkōn-. В рус. яз.
проникло через Псков и Новгород. Не исключают
вместе с тем заимств. из ср.-в.-нем. balke через ст.-
польск. balka (Аникин, 2, 143).",,да,"Брус, бревно",,"СлРЯ, 1, 68.","КГСБМ, 26",,XVI в.,XVI в.,,"Того лѣта наяли псковичи наимиты на новои мостъ на Псковѣ рѣке, а запасъ балки наимитовъ, а рилини и городни, и дубья псковская. Псков.лет.II, 131. XVI в. ","Лексика, связанная с обработкой дерева",,,
математикъ,,matematyk,м.,"матиматикъ, мафиматъ",,см. математика. Вариант мафиматъ напрямую из греч.,,да,"Ученый, занимающийся наукой о числах (величинах); математик.",,"СлРЯ 9, 41","КГСБМ, 411",,XVII в.,XVII в.,,"Mathematic(us), математикъ.Лекс.лат.-словен., 264. XVII в.",Математические термины,,,
математика,,matematyka,ж.,,,Через польск. matematyka или лат. mathematica (ars) из греч. μαθηματική (Фасмер).,,да,"Наука о числах (величинах), математика.",,"СлРЯ 9, 41",,,XVII в.,XVII в.,,"L 1664, Государь мои батюшка, по приказу вашему учитель обучилъ меня читат(ь) и писать, такожъ и часть математики умѣю! Ист.куп.Иоан., 243. XVII в.",Математические термины,,,
математицкий,,matematycki (16 w.),прил.,мафематицкий,,см. математика. Вариант мафематицкий под влиянием или напрямую из греч.,,да,"Относящийся к математике, астрономии, инженерному делу, артиллерии и другим сферам деятельности. где используются расчеты, производятся вычисления.",,"СлРЯ 9, 41","КГСБМ, 411",,1694,1694 г.,,"Объ иномъ изъ каравана ни о чемъ не прошу, развѣ естьли будутъ инструменты математецкие или тимерманские. Петр, I, 26. 1694 г.",Математические термины,,,
матерацъ,,materac,м.,матарацъ,,"Через нидерл. matras, ср.-нж.-нем. matrasse, ст.-франц. materas, ит. materasso из араб. (al)maṭraḥ «по- душка»; матра́ц — из нов.-в.-н. Маtrаtzе (Фасмер), однако вариант матерацъ, очевидно, через польск. materac.",,да,Матрац.,,"СлРЯ 9, 41","КГСБМ, 411",,1669,1669 г.,,"По приказу отца Феодосия куплен матрацъ дх҃внику отцу Анастасию. Кн.Ивер.м.II, 54. 1669 г.",Бытовая лексика,,,
материя,,materia (tkanina),ж.,материа,"матерка, метерня",Через польск. materia или нем. Маtеriе из лат. māteria (Фасмер).,,да,"2. Вещество, материал. (древн.) 3. Ткань, материя.",,"СлРЯ 9, 42","КГСБМ, 411",XVI в.,,XVI в.,,"Ничего на верху не останется от чего имѣла быти материя, сиирѣчь вещь растущих вещеи. Назиратель, 426. XVI в.",Абстрактная лексика,,,
махина,,machina,ж.,,,"Через польск. machina из лат. machina от греч. атт. μηχανή «орудие, приспособление» (Фасмер).",,да,"Военное приспособление, машина, башня, которые использовались во время осады.",,"СлРЯ 9, 49","КГСБМ, 412",,XVII в.,XVII в.,,"M 1499 Махинас - градоемные хитрости. Алф.1, 137.  XVII в.",Лексика сферы военной деятельности и военного устройства,,,
мацана,,maciana,ж.,,,Слово отсутствует в этимологических словарях.,да,,Название плода.,,"СлРЯ 9, 49",,XVI в.,,XVI в.,,"Перед питием такие воды не подобает ясти... обощи зазяблые, какъ то суть пѣгвы, яблока которых нарицают мацаны, или кацетулы в русских странах такие овощи не обрѣтаются. Назиратель, 137. XVI в.","Названия блюд, продуктов питания.",,,
машкара,,"maszkara (maska, przebranie)",ж.,,,"Через польск. maszkara из ит. maschera от араб. masḫara 'личина, маска' (Фасмер).",,да,Маска,,"СлРЯ 9, 50","КГСБМ, 412",,XVII в.,XVII в.,XVI в.,"DAM, M 1620 Онъ же началъ нудити его, глаголюще: веселися и играи съ нами! и взявши машкару [на поле: або личину] класти началъ на лице его. Курб.Ист., 279. XVII в.~XVI в.","Лексика, связанная с играми",,,
машкарство,,maszkarstwo,с.,,,см. машкара,да,,Шутовство,,"СлРЯ 9, 50",,,1567,1567 г.,,"MP 1620 И машкарствомъ потѣшати тебя государя въ старости своей не учонъ есми. Польск.д.III, 519. 1567 г.","Лексика, связанная с играми",,,
мглистый,,mglisty,прил.,,,"Мгла - общеслав., однако мглистый, вероятно, из польск., впервые в Назирателе.",да,,"Мглистый, туманный",,"СлРЯ 9, 52","КГСБМ, 412",XVI в.,,XVI в.,,"Бываетъ воздухъ мглистои (mgliste). Назиратель, 142. XVI в.",Названия свойств / признаков,,,
мдлость,,mdłość,ж.,,,"Отсутствует в этимологических словарях. Гапакс, зафиксированный только в Назирателе, переведенном с польского. Вероятно, из польск. mdłość 'слабость'.",да,,"Слабость, бессилие.",,"СлРЯ 9, 52","КГСБМ, 412",Назиратель,,XVI в.,,"В странахъ баирачистых и въ глубокихъ... бывает... желудку и печени мдлость, сирѣчь обезсиление. Назиратель, 118. XVI в.",Медицинская лексика,,,
меглость,,mdłość,,,,см. мдлость,,,,,,,,,,,R(19),Медицинская лексика,,,
меделянский,,medelański (pies) Canis molossus,прил.,,,"Меделя́нская соба́ка — название породы собак, заимств. через польск. medjolański рiеs — то же, от Меdjоlаn «Милан», ср.-лат. Мediolānum — то же (Фасмер).",,да,"С о б а к а  м е д е л я н с к а я - порода крупных охотничьих собак, происходящих из Северной Италии.",,"СлРЯ 9, 58",,,Посольство Тюфякина,1599 г.,,"RB 2 сабаки меделянские. Посольство Тюфякина, 395. 1599 г.",Названия свойств / признаков,,,
медикъ,,medyk,м.,,медикус (L 17 w.),Заимств. через польск. mеdуk  или прямо из лат. medicus (Фасмер).,,да,"Парикмахер, выполнявший также некоторые обязанности лекаря",,"СлРЯ 9, 59","КГСБМ, 413",,1705,1705 г.,,"Надлежитъ медикамъ королевскимъ и о тѣхъ войскахъ купно старание имѣть. Петр, III, 879. 1705 г.","Названия лиц по профессии, роду деятельности",Вариантъ медикусъ напрямую из лат.,,
медицина,,,ж. и м.,,,"Через польск. mеdусуnа или непосредственно из лат. medicīna (ars) от medicus, mеdеоr «лечу, пользую» (Фасмер).",,да,1. Медицина. 2. Медик (древн).,,"СлРЯ 9, 59","КГСБМ, 413",,1673,1673 г.,,"Государь... указалъ быть въ Оптекарскомъ приказѣ лекарю иноземцу Симону Зомеру въ медиц<и>нахъ. Мат.медиц., 840. 1673 г.",Медицинская лексика,,,
меланхоликъ,,melancholik,м.,мелянхоликъ,,см. меланхолия,,,"Человек, склонный к меланхолии",,"СлРЯ 9, 77",,1670,,1670 г.,,"Melankolik. Мелянхоликъ. Несмѣятеленъ. Лекс.полон-словен., 104 об. 1670 г.",Медицинская лексика,,,
меланхолия,,melancholia,ж.,"меленхолия, меламколия, мелавхолия, мелянхолия, меланхолѣя",,"Заимствовано из польск. или нем. яз., возможно посредство яз. Юго-Западной Руси.
Польск. melancholia «меланхолия», нем. Melancholie 
заимствованы из лат. яз., где melancholia, в свою очередь,
из греч. яз. Греч, μελαγχολία «меланхолия» < «разлитие черной
желчи» — сложение μέλας, род. п. μέλανος «черный, темный»,
и χολή «желчь» (Шанский, 10, 136).",,да,"угнетенное состояние, ипохондрия",,"СлРЯ 9, 77",,XVI в.,,XVI в.,,"Воды... множат мелавхолию [так в рукоп. и изд.]. Назиратель, 130. XVI в.",Медицинская лексика,,,
мелодия,,melodia,ж.,мелюдия,,"Через польск. melodja или непосредственно из ит., лат. melōdia от греч. μελωδία «способ пения»: μέλος «песня», ᾠδή «пение» (Фасмер).",,,Мелодия,,"СлРЯ 9, 81","КГСБМ, 414",1681,,1681 г.,,"Посемъ Ефремъ Сиринъ сиряномъ стихи сотвори мелюдиею. Мусик.грам.Дил., 32. 1681 г.",Музыкальные термины,,,
мѣстечко,,miasteczko,с.,,,см. мѣсто,,,"1. Небольшая часть пространства, земной поверхности, определенное ограниченное место. 2. Небольшое поселение городского типа; город, городок (на западнорусских территориях); территория, тяготевшая к такому поселению, городу. (древн.) 3. небольшой участок земли, угодье различного назначения.",,"СлРЯ 9, 109-110","КГСБМ, 417",,XV в.,XV в.,,"Мѣстечко, город с мѣстом, також тъ впалъ в землю. (Посл.Феоф.Вас.Вас.) Сб.Кир.-Б.м., 39. XV в. ",Географическая лексика,,,
мѣстичь,,mieścic,м.,,,см. мѣсто,,,Горожанин. представитель торгово-ремесленного населения в западнорусских городах (местах) и городах Польского королевства и великого княжества Литовского.,,"СлРЯ 9, 110","КГСБМ, 417",,1450,1450,,"Князи и паны, и архимандриты, и протопопи. и игумены, и мѣстичи, и попы, и диякони, и весь христоименитый народъ... чтите его. АИ I, 97. 1450 г.",Лексика социально-общественной сферы,,,
мѣсто,,miasto,с.,,,"В знач. ""город"" из зап.-слав. и представляет собой кальку из ср.-в.-н. stat «место, город» (Фасмер).",,нет,"3. Населенное место, поселение городского типа. 3.1. Собственно город, по западнорусской и европейской средневековой традиции, формировавшийся вокруг торга, торговой площади, а иногда вблизи замка, крепости (города, града). ",,"СлРЯ 9, 112","Ст.укр. 1, 628; КГСБМ, 417",,XVII в.,XVII в.,XVI в.,"Прииде буря великая и загорѣлося мѣсто. Курб.ист., 231. XVII в. ~ XVI в.",,,,
мѣстский,,miejski,прил.,мѣский,,см. мѣсто,,,Городской.,,"СлРЯ 9, 119","Ст.укр. 1, 629; КГСБМ, 417",,XVII в.,XVII в.,XVI в.,"Въ тои же часъ, вкупѣ во сражение оное, и стрельбу огненную со града изъявиша, яко со вежъ высокихъ, такъ и съ стѣны мѣские. на воиско христианское стреляюще. Курб.Ист., 182. XVII в. ~ XVI в.",Лексика социально-общественной сферы,,,
мѣстце,,miejsce,с.,,,см. мѣсто,,,"1. Небольшая часть пространства, земной поверхности, определенное ограниченное место. 1.1. Часть пространства, предназначенная для чего-л., кого-л., отведенное или пригодное для чего-л. место. 1.2. Часть, определенное место поверхности каког-л. предмета. 2. Небольшое населенное место, поселение, городок (на западнорусских территориях). 3. Небольшой участок земли, угодье различного назначения. Б ѣ л о е  м ѣ с ц е - небольшой земельный участок, владельцы которого освобождены от государственной тягловой повинности. 4. Специально оборудованное место, где можно расположиться.",,"СлРЯ 9, 119","Ст.укр. 1, 586; КГСБМ, 417",,1377,,,"TUR(70) (1051): Се Бъ҃  умножаеть брат<ь>ю, а мѣстьце мало; да бы ны далъ гору ту, яже есть надъ печерою. Лавр.лет., 158. 1377 г. (1) ; А послѣ тое войны, князя Ондреевы которыи люди пришли на свои мѣстца на Хлепени по всѣмъ тѣмъ волостемъ. Польск.д. I, 2. 1487 г. (2); А великому Николѣ старому въ манастырь далъ есми свое мѣстьце у с(вя)т(о)го великом(у)ч(е)н(и)ка Георгиа, што у попова у Лошкина двора. АСВР II, 355. 1460 г. ",Оценочная лексика,,,
метафора,,metafora,ж.,,," По-видимому, заимствовано из польск. яз. в XVII в., хотя
возможно и непосредственное заимствование из греч. или лат.
яз. Польск. metafora «метафора» заимствовано из лат. яз., где
metaphora — тж, в свою очередь, заимствовано из греч. μεταφορά
«перенос; метафора», производного от μεταφέρω «переносить»,
приставочного производного от φέρω «нести» (Шанский, 10, 169).",,да,Метафора.,,"СлРЯ 9, 126",,,,XVIII в.,XVII в.,"Изъ сихъ метафоръ свойства нѣкая разумѣемъ.Тако писание зоветъ Хр҃ста аг҃нца, лва и проч.: четыри же ев҃ глисты звѣрей образы знаменает. Сим.Пол.Бес.. 69 об.  XVIII  в.~ XVII в.","Лексика сферы культуры (наука, искусство, литература и т.д.)",,,
метафорично,,,нареч.,,,см. метафора,,,В переносном смысле.,,"СлРЯ 9, 126",,,Истом.Лиц.букварь,1691 г.,,"Къ сему на тѣ видообразныя вещи приличны юнымъ людемъ матафорично, си есть переноснѣ, еже отъ вещей слово къ дѣлу потребну вземлется, стихи нравоучителны написашася. Истом.Лиц.букварь. 31. 1691 г.","Лексика сферы культуры (наука, искусство, литература и т.д.)",,,
мещанинъ,,mieszczanin,м.,"мѣсчянинъ, метчянинъ",,Из польск. mieszczanin «горожанин» от miasto «город» (Фасмер).,,нет,"1. В средневековом русском городе житель посада, слободы (как правило, мелкий ремесленник или торговец, входивший в городское податное сословие). 2. В западнорусских, западнославянских, литовских городах (называвшихся мѣсто) - горожанин вообще, представитель торгово-ремесленной части населения города. (древн.) 2.1. О жителе Мещанской слободы в Москве, населенной выходцами из западнорусских и польско-литовских городов",,"СлРЯ 9, 144","Ст.укр. 1, 630; КГСБМ, 419",,1495,1495 г.,,"А въ Смоленску встрѣтили великую княжну князь Олександръ Отокста, да Юрьи Зиновьевъ... а съ ними всѣ люди смоляне, бояре и мѣсчяне. Польск.д. I, 183. 1495 г.",Лексика социально-общественной сферы,,,
мещанка,,mieszczanka,ж.,,,см. мещанинъ,,нет,Женск. к мѣщанинъ ( в знач. 1),,"СлРЯ 9, 144","КГСБМ,419",Шхонб.Ист.орд.,1710,1710,,"12 дѣвицъ младыхъ  мещанокъ Шхонб.Ист.орд., 242 1710 г.",Лексика социально-общественной сферы,,,
мещанский,,mieszczański,прил.,,,Из польск. mieszczański; см. мещанинъ (Фасмер).,,нет,"1. Относящийся к мещанам - мелким -ремесленникам, жителям посада, слобод средневекового русского города. 2. Относящийся к горожанам. торгово-ремесленному населению западнорусских, западнославянсхих, литовских городов  (имевших самоуправление по Магдебургскому праву).  (древн.) М ѣ щ а н с к а я  с л о б о д а  - слобода в Москве (за Земляным валом), где жили выходцы из западнорусских и польско-литовских городов. ",,"СлРЯ 9, 144","КГСБМ, 419",,1666,1666 г.,,"А на тѣхъ, государь, мѣстѣхъ стоятъ шляхецкие и райтарские, и началныхъ людей, и казацкие и мѣщанские дворы. ДАИ V, 78. 1666г.",Лексика социально-общественной сферы,,,
мизерность,,mizerność ,ж.,мезерность,,см. мизерный,,,"Скудость, бедность.",,"СлРЯ 9, 77","КГСБМ, 419",,XVII в.,XVII в.,,"Мезерность - бедность. Алф. 1, 146 об. XVII в.",Лексика социально-общественной сферы,,,
мизерный,,mizerny,прил.,мезерный,,"Заимств. через польск. mizerny «бедный» из лат. miser «несчастный», misereor, -ēri «сжалиться» (Фасмер).",,да,"Скудный, жалкий.",,"СлРЯ 9, 77","КГСБМ, 419",,XVII в.,XVII в.,,"Мезерный - бедный. Алф. 1, 146 об. XVII в.",Лексика социально-общественной сферы,,,
миля,,mila,ж.,,Миль.,"Через польск. milа или ср.-нж.-нем., ср.-н.-нем. mîlе ""миля"" от народнолат. miliа ж. из лат. мн. miliа passuum ""тысяча шагов"" (Фасмер II, 622).",,да,"Мера расстояния, различная в разных средневековых европейских государствах. М и л я  б о л г а р с к а я, и т а л ь я н с к а я, н е м е ц к а я  и т. д. - разные по длине западноевропейские меры расстояния.",,"СлРЯ 9, 157","Ст.укр. 1, 594; КГСБМ, 420",,XVI в.,XVI в.,1422 г.,"И идохъ отъ Киева... 30 миль, а миля по 5 верстъ. Х.Зос., 2. XVI в. ~ 1422 г. ",Названия мер и весов,,,
